Date,Type,Cost,Value
2010-01-04,Rebalance,35000.0,100000000.0
2010-03-31,Rebalance,35904.746754024585,102584990.72578454
2010-04-30,Rebalance,36701.81472637953,104862327.7896558
2010-06-30,Rebalance,34329.22621508126,98083503.47166075
2010-08-31,Rebalance,34940.796053170336,99830845.86620095
2010-09-30,Rebalance,37856.54133479736,108161546.6708496
2010-11-30,Rebalance,39422.07108149669,112634488.80427624
2010-12-31,Rebalance,40508.84447099145,115739555.63140413
2011-01-31,Rebalance,40934.13173880702,116954662.11087719
2011-02-28,Rebalance,41977.650947782306,119936145.5650923
2011-03-31,Rebalance,41898.58942620591,119710255.50344546
2011-05-31,Rebalance,42918.5398892856,122624399.68367316
2011-06-30,Rebalance,42229.177479516475,120654792.79861851
2011-08-31,Rebalance,42667.77451070137,121907927.17343248
2011-09-30,Rebalance,41116.258642785964,117475024.69367418
2011-10-31,Rebalance,43923.291199674546,125495117.71335584
2011-11-30,Rebalance,43263.7945584145,123610841.59547
2012-01-31,Rebalance,45476.73575404175,129933530.72583356
2012-02-29,Rebalance,47080.55643994312,134515875.54269463
2012-04-30,Rebalance,48158.73552427531,137596387.2122152
2012-05-31,Rebalance,45936.965007641884,131248471.45040537
2012-07-31,Rebalance,47530.47232109997,135801349.48885706
2012-08-31,Rebalance,49250.33437931524,140715241.08375782
2012-10-31,Rebalance,48011.78495533425,137176528.44381216
2012-11-30,Rebalance,48358.02545565191,138165787.0161483
2012-12-31,Rebalance,47961.087311240866,137031678.03211677
2013-01-31,Rebalance,48589.51067101397,138827173.3457542
2013-02-28,Rebalance,48503.65236226351,138581863.89218146
2013-04-30,Rebalance,49962.74756066918,142750707.31619766
2013-05-31,Rebalance,50419.351263943354,144055289.32555243
2013-07-31,Rebalance,51124.415502690616,146069758.57911605
2013-09-30,Rebalance,52507.96379884228,150022753.71097794
2013-10-31,Rebalance,54168.29093619793,154766545.5319941
2013-12-31,Rebalance,55644.86993655423,158985342.67586923
2014-01-31,Rebalance,55432.74531047171,158379272.31563348
2014-02-28,Rebalance,57552.707181428355,164436306.23265246
2014-03-31,Rebalance,56378.47844179431,161081366.97655517
2014-04-30,Rebalance,56414.25754839827,161183592.99542364
2014-06-30,Rebalance,59383.74001823609,169667828.62353167
2014-07-31,Rebalance,59518.91381756486,170054039.47875676
2014-09-30,Rebalance,60757.547457596505,173592992.73599002
2014-10-31,Rebalance,61645.537333262335,176130106.66646382
2014-12-31,Rebalance,62653.734092042,179010668.83440572
2015-03-31,Rebalance,63884.11261904749,182526036.0544214
2015-04-30,Rebalance,64525.921440688915,184359775.54482546
2015-06-30,Rebalance,64017.54615474568,182907274.7278448
2015-07-31,Rebalance,65490.782071596266,187116520.20456076
2015-08-31,Rebalance,62980.64989619298,179944713.9891228
2015-09-30,Rebalance,62164.04709354229,177611563.12440655
2015-11-30,Rebalance,66280.71007467894,189373457.35622555
2015-12-31,Rebalance,65558.34871846327,187309567.7670379
2016-02-29,Rebalance,63759.69925970502,182170569.31344292
2016-03-31,Rebalance,66474.10486871505,189926013.91061443
2016-05-31,Rebalance,66856.84029402024,191019543.6972007
2016-06-30,Rebalance,66924.43354419657,191212667.26913306
2016-08-31,Rebalance,70191.66146148703,200547604.17567724
2016-09-30,Rebalance,71171.76013650923,203347886.1043121
2016-10-31,Rebalance,70114.38062464609,200326801.7847031
2016-11-30,Rebalance,69145.92856090753,197559795.88830724
2017-01-31,Rebalance,72090.31913796911,205972340.39419746
2017-02-28,Rebalance,74320.4179214824,212344051.20423543
2017-03-31,Rebalance,75157.63727405158,214736106.49729022
2017-05-31,Rebalance,78627.6501484662,224650428.99561772
2017-06-30,Rebalance,77349.21468593118,220997756.24551764
2017-07-31,Rebalance,79528.0075758594,227222878.7881697
2017-08-31,Rebalance,81078.36388068485,231652468.23052815
2017-10-31,Rebalance,82688.21221232347,236252034.8923528
2017-11-30,Rebalance,83640.50804913485,238972880.1403853
2018-01-31,Rebalance,88610.86925215095,253173912.14900273
2018-02-28,Rebalance,87433.10165127953,249808861.8607987
2018-04-30,Rebalance,85443.4394274657,244124112.649902
2018-05-31,Rebalance,88394.48400719893,252555668.59199697
2018-07-31,Rebalance,90000.60137230347,257144575.3494385
2018-08-31,Rebalance,93078.86475660882,265939613.5903109
2018-10-31,Rebalance,87844.61676055715,250984619.3158776
2018-11-30,Rebalance,87871.62982448468,251061799.49852768
2018-12-31,Rebalance,84203.02673488639,240580076.38538966
2019-01-31,Rebalance,89249.69949049862,254999141.40142462
2019-02-28,Rebalance,90741.73095488625,259262088.44253215
2019-04-30,Rebalance,96275.02587954242,275071502.5129783
2019-05-31,Rebalance,92186.75869577102,263390739.13077435
2019-07-31,Rebalance,98867.35368523702,282478153.38639146
2019-09-30,Rebalance,99308.47661112229,283738504.6032065
2019-10-31,Rebalance,102230.80929598704,292088026.559963
2019-12-31,Rebalance,107170.11845366455,306200338.43904155
2020-01-31,Rebalance,110205.03511396889,314871528.89705396
2020-03-31,Rebalance,101611.96830407172,290319909.4402049
2020-04-30,Rebalance,112284.48085253399,320812802.4358114
2020-06-30,Rebalance,122266.01422237398,349331469.2067828
2020-07-31,Rebalance,129465.20662641642,369900590.3611898
2020-08-31,Rebalance,137514.01279640105,392897179.4182887
2020-09-30,Rebalance,132083.74956681472,377382141.61947066
2020-11-30,Rebalance,137728.42154000566,393509775.8285876
2020-12-31,Rebalance,142760.47074243214,407887059.2640918
2021-03-31,Rebalance,141261.71942620233,403604912.6462923
2021-04-30,Rebalance,147091.5917911276,420261690.8317931
2021-06-30,Rebalance,151902.10502974724,434006014.3707064
2021-08-31,Rebalance,159228.8827497232,454939664.99920917
2021-09-30,Rebalance,152746.1784960631,436417652.8458946
2021-11-30,Rebalance,162118.76281617876,463196465.1890822
2021-12-31,Rebalance,163566.83038692118,467333801.1054891
2022-01-31,Rebalance,153637.42239113437,438964063.97466964
2022-02-28,Rebalance,149873.57542362748,428210215.4960785
2022-03-31,Rebalance,152971.99574530008,437062844.98657167
2022-05-31,Rebalance,136918.808141194,391196594.68912566
2022-06-30,Rebalance,128655.85435870678,367588155.3105908
2022-08-31,Rebalance,132952.9386593899,379865539.02682835
2022-09-30,Rebalance,122449.60067990598,349856001.9425885
2022-10-31,Rebalance,124701.65234419028,356290435.2691151
2022-11-30,Rebalance,131236.56535979305,374961615.3136944
2023-01-31,Rebalance,133857.20746790332,382449164.1940095
2023-02-28,Rebalance,131732.32377860128,376378067.93886083
2023-03-31,Rebalance,141289.44914922642,403684140.4263612
2023-05-31,Rebalance,148071.52705837486,423061505.88107103
2023-06-30,Rebalance,153191.91939919756,437691198.2834216
2023-07-31,Rebalance,156982.4100318584,448521171.5195954
2023-08-31,Rebalance,155019.028188025,442911509.1086428
2023-10-31,Rebalance,146924.3170476376,419783762.9932503
2023-11-30,Rebalance,158783.8315908655,453668090.2596157
2024-01-31,Rebalance,167468.8334993377,478482381.42667913
2024-02-29,Rebalance,172110.6208567047,491744631.01915634
2024-04-30,Rebalance,170028.49181424503,485795690.89784294
2024-05-31,Rebalance,177377.3556767059,506792444.79058826
2024-07-31,Rebalance,184958.9314162728,528454089.76077944
2024-09-30,Rebalance,191955.17275877437,548443350.7393553
2024-10-31,Rebalance,190303.32884636137,543723796.7038896
2024-12-31,Rebalance,195678.3031232338,559080866.0663823
2025-01-31,Rebalance,199828.59693843787,570938848.3955368
2025-02-28,Rebalance,198174.1245735074,566211784.4957354
2025-03-31,Rebalance,190963.81319262678,545610894.8360765
2025-04-30,Rebalance,193760.2301785636,553600657.6530389
2025-06-30,Rebalance,213019.36099732088,608626745.7066311
2025-07-31,Rebalance,215742.10252385377,616406007.2110108
2025-09-30,Rebalance,229136.9842972454,654677097.9921297
2025-10-31,Rebalance,236858.9037088177,676739724.8823363
2025-12-31,Rebalance,235643.9907814227,673268545.0897791
2026-03-31,Rebalance,229240.67817893467,654973366.2255276
2026-04-30,Rebalance,250491.1155719614,715688901.6341754
2026-06-30,Rebalance,263181.0951300505,751945986.0858586
